Rh| Name ;Rh| Developer/Manufacturer ;Rh| Release Year ;Rh| Current Model? 
Rh| datAshur PRO ; iStorage Limited ; 2015 ; yes 
Rh| datAshur PRO² ; iStorage Limited ; - ; yes 
Rh| diskAshur PRO² ; iStorage Limited ; 2017 ; yes 
Rh| SafeStick ; BlockMaster ; 2004 ; yes 
Rh| SafeStick SuperSonic ; BlockMaster ; 2009 ; yes 
Rh| IronKey S100 ; IronKey ; 2005 ; no 
Rh| IronKey S200 ; IronKey ; 2009 ; yes 
Rh| IronKey D200 ; IronKey ; 2009 ; yes 
Rh| CryptX2 ; CryptX2 / Open Source ; 2012 ; yes 
Rh| DataTraveler 5000 ; Kingston Technology ; 2010 ; yes 
Rh| DataTraveler Locker+ ; Kingston Technology ;  ; yes 
Rh| DataTraveler Vault ; Kingston Technology ;  ; yes 
Rh| DataTraveler Vault – Privacy Edition ; Kingston Technology ;  ; yes 
Rh| JumpDrive SecureII Plus ; Lexar ;  ; yes 
Rh| IronClad ; Lockheed Martin ; 2010 ; yes 
Rh| Cruzer Enterprise ; SanDisk ;  ; yes 
Rh| Store 'n' Go Corporate ; Verbatim ;  ; yes 
Rh| Kanguru Defender 2000 ; Kanguru Solutions ; 2012 ; yes 
Rh| Name ;Rh| Developer/Manufacturer ;Rh| Release Year ;Rh| Current Model? 
